Name and Cultivars or Varieties (sorted by name),$/kg,kg/m3,$/m3"Spinach, Spring/Fall {Spinacia oleracea}: (1) Leafy Shield Hybrid (2) 'Space' F1",5.298013245,0.34129473,1.808184Cabbage {Brassica oleracea}: 'Pixie',2.649006623,2.29155033,6.070332"Broccoli, Chinese {Brassica oleracea, Alboglabra group}: 'Emerald Fall Gai Lan'",5.298013245,1.56020448,8.265984Broccoli {Brassica oleracea ...}: 'Umpqua',4.392935982,1.90149921,8.3531643"Kohlrabi {Brassica oleracea, Gongylodes group}: 'Kolibri' Hybrid",3.973509934,2.4378195,9.6867Parsley {Petroselinum crispum}: 'Krausa',7.77385159,1.254922748,9.7555832"Squash, Winter, Acorn {Cucurbita pepo}: (1) 'Table King' (2) 'Table Ace'",4.392935982,2.68160145,11.7801035"Squash, Winter, Hubbard {Cucurbita maxima Hubbard Group}: Blue",5.298013245,2.77911423,14.723784Rutabaga {Brassica napus or napobrassica}: 'Marian',6.600441501,2.24279394,14.8034302"Greens, Mustard {Brassica juncea}: 'Green Wave'",6.51214128,2.29155033,14.9228995"Cabbage, Savoy {Brassica oleracea}: 'Ormskirk'",4.392935982,3.9005112,17.134696Garlic {Allium sativum L.}: 'California Giant',19.84547461,0.92637141,18.3842803Beet {Beta vulgaris}: 'Lutz Green Leaf',6.622516556,2.77911423,18.40473Parsnips {Pastinaca sativa}: 'Harris Model',7.947019868,2.4378195,19.3734"Onion, Bunching {Allium fistulosum}: 'Evergreen White Bunching'",2.826855124,6.999544842,19.7866992"Leeks {Allium ampeloprasum, Porrum group; or Allium porrum}:",6.622516556,3.02289618,20.01918Carrots {Daucus carota subspecies sativa}: (1) 'Bolero' F1 (2) 'Sugarsnax 54' F1,6.600441501,3.21792174,21.2397042"Peas, English {Pisum sativum}: 'Waverex'",7.947019868,2.68160145,21.31074"Leeks {Allium ampeloprasum, Porrum group; or Allium porrum}: 'Lancelot'",6.600441501,3.31543452,21.8833316"Spinach, Spring/Fall {Spinacia oleracea}: (1) 'Bloomsdale Savoy'",5.298013245,4.24180593,22.473144"Bean, Bush {Phaseolus vulgaris}: 'Cupidon'",6.622516556,3.70548564,24.53964Asparagus Pea {Tetragonolobus purpureus or Psophocarpus tetragonolobus},84.80565371,0.3045929,25.8312"Bean, Bush {Phaseolus vulgaris}: 'Royal Burgundy'",6.622516556,3.9005112,25.8312"Squash, Winter, Delicata {Cucurbita pepo}: (1) 'Bush Delicata' (2)'Delicata' (vining)",7.947019868,3.36419091,26.735292Dill {Anethum graveolens}: 'Bouquet',21.90812721,1.224463458,26.8257012"Squash, Summer, Yellow {Cucurbita moschata}: 'Yellow Crookneck'",6.600441501,4.3880751,28.963233Beet {Beta vulgaris}: 'Bull's Blood',6.622516556,4.82688261,31.96611"Choi, Pac/Bok {Brassica rapa var. Chinensis}: 'Joi Choi'",4.392935982,7.41097128,32.5559224"Bean, Bush {Phaseolus vulgaris}: 'Sonesta'",7.947019868,4.29056232,34.097184"Radish, Red {Raphanus sativus}: (1) 'Cherry Belle'",4.392935982,8.09356074,35.5544942"Kale {Brassica oleracea, Acephala Group}: (1) 'Nero Di Toscana'",5.518763797,6.58211265,36.325125Potato {Solanum tuberosum}: (1) 'Red Cloud' (2) 'Yellow Finn',5.165562914,7.16718933,37.0225674"Peas, Edible Pod {Pisum sativum var. macrocarpon}: 'Super Sugar Snap'",15.43046358,2.48657589,38.3690187Eggplant {Solanum melongena}: (1) 'Fairy tale' (2) Italian Black Bell,8.80794702,4.53434427,39.9382641Beet {Beta vulgaris}: 'Early Wonder Tall Top',2.759381898,14.48064783,39.9576375"Squash, Winter, Butternut {Cucurbita moschata}: (1) 'Waltham' (2) 'Early Butternut'",5.298013245,7.75226601,41.071608"Artichoke, Globe {Cynara cardunculus Scolymus Group",14.08388521,2.97413979,41.8874434"Radish, White {Raphanus sativus; Daikon}: (1) 'Icicle'",4.392935982,9.89754717,43.4792911"Onion, Bulb {Allium cepa L.}: (1) 'Copra' yellow (2) Ruby Red",4.392935982,10.2388419,44.978577"Pepper, Bell {Capsicum annuum var annuum }: 'NorthStar'",15.43046358,2.97413979,45.8923557Lettuce (Lactuca sativa Quercifolia Group): 'Radichetta',10.59602649,4.43683149,47.012784"Cabbage, Chinese Napa {Brassica rapa, Pekinensis group}: 'Minuet'",6.600441501,7.21594572,47.6284276"Eggplant, Japanese {Solanum melongena}: 'Little Fingers'",8.80794702,5.46071568,48.0976944"Lettuce, Winter Mixed {Lactuca sativa}: 4 cultivars",8.830022075,5.65574124,49.94032"Onion, Bulb Cipollini {Allium cepa}: Borettana/Borrettana Cipollini",13.24503311,3.99802398,52.95396"Grass, Lemon {Cymbopogon citratus}",11.01545254,4.875639,53.70737"Rhubarb {Rheum rhabarbarum, R. rhaponticum and others}",8.80794702,6.24081792,54.9687936Cilantro {Coriandrum sativum}: Slow bolting,8.833922261,6.460415409,57.0708075"Lettuce, Summer Mixed {Lactuca sativa}: 7 cultivars",4.392935982,13.01795613,57.1870479"Chard, Swiss {Beta vulgaris, Cicla group}: (1) 'Bright Yellow' (2) 'Charlotte' (3) 'Fordhook Giant'",5.518763797,10.7264058,59.1965"Bean, Snap Pole {Phaseolus vulgaris}: 'Kentucky Wonder'",8.80794702,6.92340738,60.9810054"Pepper, Misc. {Capsicum annuum}: (1) 'Antohi Romanian' sweet pimento",15.43046358,3.99802398,61.6913634"Brussels Sprouts {Brassica oleracea, Gemmifera group}: 'Long Island Improved'",10.59602649,5.8507668,61.99488"Choi, Pac/Bok {Brassica rapa var. Chinensis}: Snow man Baby bok choy",6.600441501,9.40998327,62.1100441Beet {Beta vulgaris}: 'Golden Detroit',6.600441501,9.60500883,63.3972989"Pepper, JalapeÐo/Jalapeno {Capsicum annuum var annuum 'Jalapeno'}: 'Jalapa'",15.43046358,4.3880751,67.710033Basil {Ocimum basilicum}: 'Cinnamon',42.40282686,1.608250512,68.194368"Peas, Snow {Pisum sativum var. macrocarpon}: (1) 'Oregon Sugar Pod II' (2) 'Oregon Giant'",15.43046358,4.43683149,68.4623667"Bean, Runner {Phaseolus coccineus: (1) Scarlet unknown var. [fr. Ed Hume]",7.947019868,8.87366298,70.519176Beet {Beta vulgaris}: 'Red Ace',6.622516556,11.16521331,73.94181"Squash, Winter, Buttercup {Cucurbita maxima; Buttercup/Kabocha type}: 'Gold Nugget'",5.298013245,13.99308393,74.135544"Endive, Batavian {Cichorium endiva}",15.43046358,5.07066456,78.2427048Pumpkin {Cucurbita pepo}: 'Howden',2.649006623,30.03393624,79.560096"Squash, Summer, Zucchini {Cucurbita pepo L.}: 'Jackpot'",6.600441501,13.45676364,88.8205812Basil {Ocimum basilicum}: 'Italian Large Leaf',35.33568905,2.77179539,97.9433Tomatillo {Physalis ixocarpa; Mexican or Mayan Husk Tomato}: 'Mexican strain',10.59602649,9.50749605,100.74168Cucumber {Cucumis sativus}: (1) 'Diva' (2) 'Northern Pickling' (3) 'Cool Breeze',6.600441501,15.6020448,102.980384"Tomato, large {Solanum lycopersicum}: (1) 'Big Beef' (2) 'Siletz'",8.80794702,12.33536667,108.6492561"Squash, Winter, Spaghetti {Cucurbita pepo}: 'Vegetable'",5.298013245,20.67270936,109.524288Carrots {Daucus carota subspecies sativa}: 'Nelson' F1,6.600441501,17.30851845,114.2438635Corn Salad {Valerianella locusta L.},56.53710247,2.056002075,116.2404"Squash, Summer, Patty Pan {Cucurbita pepo}: 'Sunburst' (F1)",6.600441501,19.40504322,128.0818526"Lettuce, Spring/Fall Mixed {Lactuca sativa}: 8 cultivars",18.54304636,7.45972767,138.326076Chives {Allium schoenoprasum},117.3144876,1.2183716,142.93264"Tomato, Cherry, small andæ` medium {Solanum lycopersicum}: (1) 'Sungold'",11.74392936,12.6766614,148.873816"Broccoli Raab/Rabe {Brassica rapa, Ruvo group}: 'Zamboni'",6.600441501,23.59809276,155.7578308"Squash, Summer, Zucchini {Cucurbita pepo L.}: 'Italiano largo' hybrid",6.600441501,25.59710475,168.9521925Arugula-Roquette {Eruca vesicaria subsp. sativa},21.20141343,9.646457143,204.518526Turnip {Brassica rapa}: 'Purple Top' aka 'White Globe',6.600441501,32.32548657,213.3624831"Greens, All Greens Mix: Green Salad Mix",15.43046358,19.16126127,295.6671441